{"train/5/online_accuracy_top-1": 72.65625, "train/5/online_accuracy_top-1_aug": 57.953125, "train/top-1": 65.328125, "train/loss": 0.33575396209955216, "learning_rate": 9.999999999999999e-06, "momentum": 0.9, "_timestamp": 1647075677, "_runtime": 19, "_step": 80, "val/5/online_accuracy_top-1": 72.28, "val/5/online_accuracy_top-1_aug": 57.49, "val/5/online_total_num": 10000, "val/accuracy_top-1": 69.79999542236328, "val/accuracy_top-5": 96.47999572753906, "_wandb": {"runtime": 21}}