{"train/loss": 7.294332680702209, "learning_rate": 0.0004499550299999999, "momentum": 0.9, "_runtime": 1888, "_timestamp": 1641562752, "_step": 1500, "_wandb": {"runtime": 1938}}